{
    "application": {
        "id": "",
        "title": "com.chatbot.Somesh_ChatBot.Somesh_ChatBot",
        "description": "Somesh's Bot",
        "type": "SAP_UI5_Component",
        "componentUrl": "/",
        "appUrl": "#Somesh_ChatBot-Display",
        "navigationComponentName": "com.chatbot.Somesh_ChatBot",
        "intentSemanticObject": "Somesh_ChatBot",
        "intentAction": "Display",
        "html5ApplicationName": "someshchatbot",
        "HCPParentApplicationName": ""
    },
    "assignment": {
        "groups": [
            "308df661-3e2d-45ff-8f0d-623a9903dad6"
        ],
        "contentPackages": [
            "1d20486e-3ec6-472a-8bec-7234aaccbef3-1535542194738"
        ],
        "categories": []
    },
    "tile": {
        "type": "StaticTile",
        "title": "My ChatBot",
        "subtitle": "recast.ai",
        "searchKeywords": "My ChatBot,recast.ai",
        "displayIconUrl": "sap-icon://approvals",
        "displayInfoText": "",
        "size": "1x1",
        "serviceURL": "",
        "refreshInterval": ""
    }
}